file,species
288564c76.png,Sugar beet
b573b7a56.png,Loose Silky-bent
1d48b7564.png,Fat Hen
c0d9e170b.png,Small-flowered Cranesbill
e19673dc9.png,Sugar beet
be2499cf4.png,Common wheat
752101fdf.png,Small-flowered Cranesbill
0d31e6602.png,Common Chickweed
afcf6abd5.png,Common Chickweed
0bf7bfb05.png,Common wheat
c2de6020a.png,Small-flowered Cranesbill
b341d0aab.png,Common Chickweed
550a8b7e6.png,Small-flowered Cranesbill
7b52585da.png,Sugar beet
da9ef7858.png,Charlock
78750e0ff.png,Charlock
2406d6c99.png,Common Chickweed
dabe3e5be.png,Small-flowered Cranesbill
d09275360.png,Sugar beet
4b032563b.png,Common Chickweed
37e545a60.png,Common Chickweed
5ee9d0a5b.png,Loose Silky-bent
d09d24c58.png,Loose Silky-bent
bb20fce02.png,Scentless Mayweed
24d78df74.png,Common Chickweed
5eb9c26a6.png,Fat Hen
205df1df3.png,Scentless Mayweed
6dd095129.png,Common Chickweed
ad12382d4.png,Loose Silky-bent
490c4f9c8.png,Common wheat
0c45ace27.png,Common Chickweed
8cf909eb3.png,Sugar beet
cbe761896.png,Charlock
837ac0270.png,Scentless Mayweed
a800caead.png,Sugar beet
b7192c70f.png,Common wheat
fa5fd1384.png,Small-flowered Cranesbill
248436078.png,Charlock
fc3e58836.png,Scentless Mayweed
3185294c8.png,Sugar beet
a55d26a4c.png,Common Chickweed
7a38416be.png,Charlock
0c4199daa.png,Loose Silky-bent
5bc6595f6.png,Maize
c63da993b.png,Sugar beet
b3e08b037.png,Scentless Mayweed
d9c50616e.png,Sugar beet
23bc8ec4f.png,Common Chickweed
c069fc3fa.png,Sugar beet
47b7d8e17.png,Maize
089ad62a7.png,Common Chickweed
a5db42f7d.png,Maize
116b136de.png,Sugar beet
d0152bd7c.png,Scentless Mayweed
659412b1a.png,Loose Silky-bent
2e86f1085.png,Scentless Mayweed
599c82eea.png,Scentless Mayweed
9cce7328c.png,Loose Silky-bent
800a8c17e.png,Scentless Mayweed
ffc6f8527.png,Common wheat
bb64660b7.png,Sugar beet
446f7da01.png,Sugar beet
a74bf916d.png,Small-flowered Cranesbill
c7b07431e.png,Scentless Mayweed
780defa2e.png,Common Chickweed
6049234e6.png,Scentless Mayweed
8d6acbe9b.png,Common Chickweed
52dc7a4d6.png,Common Chickweed
20817c846.png,Scentless Mayweed
675ec1b0b.png,Sugar beet
647689543.png,Loose Silky-bent
79fba50db.png,Common Chickweed
54c8bb900.png,Charlock
71b232519.png,Loose Silky-bent
8455169fe.png,Common wheat
76dbd1054.png,Scentless Mayweed
523e5505c.png,Fat Hen
3efa1f66c.png,Loose Silky-bent
aecfaed64.png,Common Chickweed
063363305.png,Maize
c35efa095.png,Scentless Mayweed
4e9d3765f.png,Charlock
4f44ca525.png,Common Chickweed
67e185673.png,Sugar beet
a2d25b4f3.png,Small-flowered Cranesbill
c0bc3997b.png,Scentless Mayweed
a38b8a581.png,Sugar beet
03ef36742.png,Scentless Mayweed
0caeda5df.png,Common wheat
3eebd36c6.png,Charlock
0ebf8f2f4.png,Shepherds Purse
808578ed5.png,Scentless Mayweed
3f92d8039.png,Loose Silky-bent
ac3193f78.png,Common Chickweed
d0cdc768f.png,Common wheat
ab35453cb.png,Cleavers
6680836dd.png,Sugar beet
406ecb5c5.png,Charlock
1dc7c45df.png,Loose Silky-bent
0e8492cb1.png,Sugar beet
2693e5c65.png,Charlock
711b46fba.png,Small-flowered Cranesbill
02cfeb38d.png,Loose Silky-bent
f593c9cf0.png,Sugar beet
d515398fd.png,Loose Silky-bent
63c07d340.png,Sugar beet
e4d5ec761.png,Loose Silky-bent
0911d3dee.png,Common Chickweed
6db684fff.png,Scentless Mayweed
a8b431a3e.png,Sugar beet
3ebbe9ca4.png,Charlock
8170d33c1.png,Maize
1541bdb2e.png,Maize
1bf9b94a6.png,Scentless Mayweed
b3d6fdb80.png,Shepherds Purse
6a41bf95b.png,Scentless Mayweed
df11d56a7.png,Sugar beet
03e322a29.png,Sugar beet
8b043093d.png,Sugar beet
7e9cf1c46.png,Common Chickweed
d563be369.png,Scentless Mayweed
fea355851.png,Loose Silky-bent
20e562fd5.png,Sugar beet
61b044411.png,Scentless Mayweed
b31292706.png,Common Chickweed
2d5058a59.png,Common Chickweed
59e1cea8d.png,Cleavers
f1e87cba7.png,Loose Silky-bent
1b490196c.png,Charlock
8585f9718.png,Loose Silky-bent
88d8a4508.png,Scentless Mayweed
e6f1211a2.png,Sugar beet
6a47821f9.png,Loose Silky-bent
e19ad6ac9.png,Sugar beet
59b2c6f2b.png,Common Chickweed
827279bad.png,Scentless Mayweed
17a78fb44.png,Common wheat
502dff972.png,Small-flowered Cranesbill
37297a64c.png,Common Chickweed
6b9d6f8c9.png,Sugar beet
eec1079a1.png,Charlock
2f0004a7f.png,Common wheat
a276c65f7.png,Loose Silky-bent
43ede9de9.png,Charlock
279df95f2.png,Sugar beet
f4234cf4f.png,Scentless Mayweed
c5e88cd42.png,Common Chickweed
b39c71707.png,Common Chickweed
3a909ead8.png,Sugar beet
f0ffa00bd.png,Sugar beet
79dafec17.png,Loose Silky-bent
90d119d25.png,Scentless Mayweed
0f6cbe5e8.png,Maize
bea23d9f8.png,Scentless Mayweed
219fd68d5.png,Scentless Mayweed
d6d80a321.png,Scentless Mayweed
e5e3dccff.png,Common wheat
653193c1a.png,Common wheat
c8f50f0c3.png,Common wheat
da4ed3a28.png,Charlock
4bbf1f6ea.png,Scentless Mayweed
043449b0b.png,Sugar beet
2ff5cb348.png,Sugar beet
60ee66ddd.png,Cleavers
e15472085.png,Small-flowered Cranesbill
7691014a1.png,Small-flowered Cranesbill
35a90f8d0.png,Sugar beet
f9ea23fb5.png,Scentless Mayweed
33448fe39.png,Loose Silky-bent
11d3f68ff.png,Loose Silky-bent
1694a70e4.png,Scentless Mayweed
f4ad9d950.png,Sugar beet
892e9d6c6.png,Scentless Mayweed
cb76a7766.png,Loose Silky-bent
16fd2e01a.png,Sugar beet
9d3cb4745.png,Common wheat
d5f7dd60a.png,Sugar beet
cb496f36e.png,Loose Silky-bent
148bbda66.png,Sugar beet
3bbef3ecb.png,Scentless Mayweed
721b2c47a.png,Scentless Mayweed
d668409ff.png,Sugar beet
16467a950.png,Loose Silky-bent
c26ccf73c.png,Common Chickweed
ef02b4ee7.png,Sugar beet
060450d79.png,Common Chickweed
8ab8a958b.png,Sugar beet
338c7e907.png,Charlock
dfb1d9012.png,Common wheat
b6f3d8b5d.png,Scentless Mayweed
a8da9c08d.png,Charlock
5bd71f445.png,Common Chickweed
56a01b835.png,Charlock
59f62ad1d.png,Loose Silky-bent
391dcd7fd.png,Loose Silky-bent
fe9e87b78.png,Scentless Mayweed
41e07778c.png,Sugar beet
a74d475c2.png,Common Chickweed
604dd663f.png,Scentless Mayweed
b30ab4659.png,Charlock
9643fc5f4.png,Scentless Mayweed
cc3d2a59a.png,Sugar beet
5ca0205f9.png,Charlock
c88ebfb47.png,Common Chickweed
f85ed9b6d.png,Scentless Mayweed
24dbc3b21.png,Sugar beet
b62dca166.png,Scentless Mayweed
c5078bac5.png,Common Chickweed
3da774107.png,Scentless Mayweed
ff65bc002.png,Charlock
377283a21.png,Maize
1d56351b2.png,Common Chickweed
46c14fde2.png,Loose Silky-bent
6edb96d45.png,Cleavers
c1ecff98b.png,Loose Silky-bent
a83820a2c.png,Sugar beet
809eb0b82.png,Charlock
d3331e071.png,Scentless Mayweed
a85b48a95.png,Scentless Mayweed
9fab816f2.png,Scentless Mayweed
36ed4f215.png,Common Chickweed
87608f7aa.png,Small-flowered Cranesbill
f4e7733d4.png,Small-flowered Cranesbill
dce2f6612.png,Common Chickweed
ae90f2827.png,Common Chickweed
5315c2dca.png,Loose Silky-bent
8a32d0bfa.png,Common Chickweed
5817b766d.png,Shepherds Purse
ec08a5d56.png,Common Chickweed
f66ae4070.png,Maize
7f46a71db.png,Sugar beet
bf66b9cd2.png,Maize
76555b064.png,Loose Silky-bent
00c47e980.png,Sugar beet
856f2910a.png,Small-flowered Cranesbill
48231e475.png,Scentless Mayweed
7f31c7f42.png,Loose Silky-bent
75cb95e91.png,Charlock
8a4d3a1b1.png,Loose Silky-bent
3d65168c2.png,Common Chickweed
5b3000b9a.png,Common Chickweed
a169b71e7.png,Charlock
39d569be4.png,Loose Silky-bent
444473900.png,Sugar beet
0ae6668fa.png,Loose Silky-bent
7fdb7202d.png,Scentless Mayweed
b5c7fd009.png,Loose Silky-bent
6908fb540.png,Sugar beet
beebe5f4e.png,Scentless Mayweed
270b939cf.png,Common Chickweed
0dba99002.png,Sugar beet
8dbb8e1b9.png,Charlock
fd87b36ae.png,Loose Silky-bent
25fa8d109.png,Common wheat
1b6a6494d.png,Sugar beet
cf46d09c5.png,Common Chickweed
86f08e6d1.png,Fat Hen
03566743d.png,Charlock
d689256be.png,Charlock
a890ac088.png,Sugar beet
af45e222a.png,Scentless Mayweed
9c32a797e.png,Common wheat
b4f7c9214.png,Loose Silky-bent
50de8a115.png,Small-flowered Cranesbill
866be78b0.png,Maize
e14afa235.png,Common wheat
456d507c0.png,Cleavers
429211ee6.png,Scentless Mayweed
2126dc71b.png,Common Chickweed
fba8fc78a.png,Loose Silky-bent
25a4c427e.png,Loose Silky-bent
e82017baa.png,Loose Silky-bent
d488a4fe1.png,Common wheat
1be0713da.png,Cleavers
39b740f7e.png,Loose Silky-bent
01291174f.png,Scentless Mayweed
25cf6eb73.png,Small-flowered Cranesbill
e52493d0b.png,Common wheat
fadc6adbc.png,Charlock
f3fcfff1b.png,Charlock
5b63dcc21.png,Common Chickweed
c832e4302.png,Fat Hen
c85ef220d.png,Common Chickweed
abf8b0772.png,Scentless Mayweed
48d97c645.png,Sugar beet
9df3275da.png,Maize
98062cd87.png,Common Chickweed
0751c0bbc.png,Sugar beet
fda39e16f.png,Loose Silky-bent
8104422bb.png,Common Chickweed
f25996db8.png,Small-flowered Cranesbill
14bb43eee.png,Common wheat
30ad31220.png,Sugar beet
f8318faf1.png,Scentless Mayweed
d17f48d3b.png,Scentless Mayweed
66ab0e8d0.png,Sugar beet
686dc7ec8.png,Loose Silky-bent
d14aa43f3.png,Sugar beet
115f93ecc.png,Loose Silky-bent
b98327bf4.png,Scentless Mayweed
8f523520c.png,Small-flowered Cranesbill
e783f5a4f.png,Sugar beet
486e59179.png,Common Chickweed
dcd7ff249.png,Scentless Mayweed
c75a82234.png,Scentless Mayweed
ab0f67743.png,Loose Silky-bent
87f627bf9.png,Common Chickweed
6be169e41.png,Scentless Mayweed
fe29629fb.png,Scentless Mayweed
4b155fb07.png,Charlock
085974290.png,Scentless Mayweed
bfab3e3d0.png,Sugar beet
5f04aed97.png,Small-flowered Cranesbill
8e6ec1ca6.png,Small-flowered Cranesbill
65d08b894.png,Sugar beet
7696badea.png,Common wheat
23e480e64.png,Shepherds Purse
172f9b10b.png,Common Chickweed
632156793.png,Cleavers
8faadb6a8.png,Sugar beet
b9062c1c8.png,Sugar beet
406162ef9.png,Charlock
2a667e099.png,Fat Hen
a3b375b34.png,Loose Silky-bent
c4ed8ed38.png,Charlock
69d1669f8.png,Charlock
55920f07f.png,Maize
8a8d6c712.png,Cleavers
2dd5cfba9.png,Shepherds Purse
31f3dd81f.png,Loose Silky-bent
8c98a6e9b.png,Loose Silky-bent
e80a259c5.png,Small-flowered Cranesbill
e15fce4f2.png,Scentless Mayweed
0ee4ad224.png,Scentless Mayweed
e5368474f.png,Scentless Mayweed
7b21ba6ba.png,Sugar beet
7d3045fc3.png,Sugar beet
ef9676433.png,Charlock
f4caf74f9.png,Scentless Mayweed
007b3da8b.png,Sugar beet
bb7621cb3.png,Sugar beet
3827436f3.png,Common Chickweed
f445fe6fb.png,Charlock
855955aaf.png,Small-flowered Cranesbill
8b9144917.png,Sugar beet
d93c7ab6d.png,Fat Hen
4bbfd1e05.png,Cleavers
96f14d90c.png,Sugar beet
91e469b4a.png,Small-flowered Cranesbill
0ad9e7dfb.png,Sugar beet
9326bda1b.png,Common Chickweed
8d6991365.png,Loose Silky-bent
a35fd6fbb.png,Common Chickweed
f33e9d918.png,Scentless Mayweed
55a852f40.png,Common Chickweed
c10db7ae2.png,Maize
241e6935a.png,Sugar beet
08d591441.png,Sugar beet
cec5bf198.png,Cleavers
f48916a8c.png,Scentless Mayweed
668c1007c.png,Charlock
12625488b.png,Scentless Mayweed
1fefb54b7.png,Sugar beet
9c0c5b731.png,Loose Silky-bent
e4a76885b.png,Maize
897e5a8de.png,Cleavers
74068643d.png,Loose Silky-bent
1376f3b63.png,Loose Silky-bent
a9d2eab61.png,Fat Hen
3abb502fb.png,Loose Silky-bent
5e6a237f2.png,Sugar beet
7beb2766f.png,Scentless Mayweed
b7ad92859.png,Small-flowered Cranesbill
20ea96bcc.png,Scentless Mayweed
39858776a.png,Cleavers
7506c0c02.png,Scentless Mayweed
5779fe8b4.png,Scentless Mayweed
bd72d4d8a.png,Sugar beet
c0f5d9ac8.png,Sugar beet
44e8b8833.png,Small-flowered Cranesbill
8c9953903.png,Scentless Mayweed
f351ce097.png,Loose Silky-bent
da5255450.png,Common Chickweed
b47691c08.png,Scentless Mayweed
df7cb5f87.png,Common Chickweed
bdde957ec.png,Scentless Mayweed
a3d0031fd.png,Loose Silky-bent
2d9c798f9.png,Sugar beet
d350a25fa.png,Shepherds Purse
3fbf1a417.png,Cleavers
a544fc46d.png,Scentless Mayweed
a8c8a1db0.png,Small-flowered Cranesbill
5296835a0.png,Small-flowered Cranesbill
521b27a17.png,Loose Silky-bent
5c3cd7ea2.png,Scentless Mayweed
8ece6efec.png,Scentless Mayweed
79d93bc96.png,Loose Silky-bent
239bdf640.png,Charlock
122913909.png,Maize
26e7ae885.png,Scentless Mayweed
a006a475c.png,Common Chickweed
0c51bf229.png,Shepherds Purse
948cdb277.png,Cleavers
85431c075.png,Loose Silky-bent
99569b224.png,Common wheat
86676d627.png,Fat Hen
da231c97f.png,Scentless Mayweed
e96e57a90.png,Small-flowered Cranesbill
29f49cd0b.png,Scentless Mayweed
a19c3faca.png,Scentless Mayweed
a0b393945.png,Sugar beet
93079d970.png,Sugar beet
cc74feadc.png,Loose Silky-bent
20f983a71.png,Fat Hen
00ef713a8.png,Common Chickweed
d102e1a15.png,Charlock
d2f0f326e.png,Cleavers
615d2b0a9.png,Cleavers
bffc08672.png,Scentless Mayweed
edfdb4aeb.png,Scentless Mayweed
9aa5587fe.png,Loose Silky-bent
71f5323c5.png,Loose Silky-bent
54b3afd58.png,Cleavers
8cf2e3e6c.png,Common Chickweed
7d4cd07ad.png,Common Chickweed
0a64e3e6c.png,Loose Silky-bent
126a71ce0.png,Charlock
6da892be6.png,Small-flowered Cranesbill
862b8e7a0.png,Sugar beet
808cf55c6.png,Charlock
1f3f44563.png,Charlock
f1f7c833f.png,Small-flowered Cranesbill
96ecad7a1.png,Small-flowered Cranesbill
8916793ce.png,Small-flowered Cranesbill
a0f37c726.png,Sugar beet
534e74d83.png,Maize
fbf88b6be.png,Charlock
060f1dc84.png,Scentless Mayweed
dc4cd56a3.png,Loose Silky-bent
26852751a.png,Sugar beet
c7ae30f3a.png,Sugar beet
35ebe165c.png,Loose Silky-bent
afa446484.png,Small-flowered Cranesbill
bd789d151.png,Common Chickweed
e921021a8.png,Scentless Mayweed
8874bba69.png,Loose Silky-bent
699d3c707.png,Sugar beet
026716f9b.png,Loose Silky-bent
c7051c902.png,Common Chickweed
b828443ff.png,Charlock
6982a9d30.png,Sugar beet
8e2e5604e.png,Sugar beet
29ce426a1.png,Common Chickweed
6bce55e05.png,Charlock
32b42c120.png,Sugar beet
97844bfd5.png,Small-flowered Cranesbill
f6d250856.png,Common Chickweed
e471f1d3a.png,Charlock
4823c3ffa.png,Scentless Mayweed
b03397525.png,Loose Silky-bent
1459e96a0.png,Cleavers
9b9911f20.png,Scentless Mayweed
ac75d3326.png,Loose Silky-bent
eef131644.png,Loose Silky-bent
caa2fbd79.png,Shepherds Purse
3e9f41817.png,Loose Silky-bent
728eabae1.png,Charlock
fa9f3a8f9.png,Charlock
d6d31dcbe.png,Scentless Mayweed
664194d19.png,Small-flowered Cranesbill
acdb75e00.png,Loose Silky-bent
b6a3f7876.png,Loose Silky-bent
e1809cef2.png,Scentless Mayweed
a060c1cf8.png,Maize
2df78338c.png,Common Chickweed
003d61042.png,Scentless Mayweed
c0461776c.png,Common Chickweed
e0ec5b6a1.png,Sugar beet
fd925f542.png,Common Chickweed
9d79a1f0c.png,Small-flowered Cranesbill
1312065a5.png,Sugar beet
e73e308be.png,Sugar beet
1e095a7e1.png,Small-flowered Cranesbill
ede6b84b4.png,Cleavers
29bab7cad.png,Common Chickweed
abc331628.png,Cleavers
d84d37a61.png,Common Chickweed
eaf0815e2.png,Small-flowered Cranesbill
721be0a4a.png,Loose Silky-bent
dc55449b2.png,Sugar beet
ef7a5651d.png,Scentless Mayweed
93d76fd5d.png,Common Chickweed
835dc5447.png,Small-flowered Cranesbill
3d38a87bc.png,Common wheat
4e18ab737.png,Cleavers
770a265f5.png,Small-flowered Cranesbill
b4c3df835.png,Maize
3f826b318.png,Common Chickweed
a2c89c367.png,Scentless Mayweed
506347cfe.png,Charlock
8ca6140ca.png,Loose Silky-bent
824f5d4e5.png,Sugar beet
b026bf8ca.png,Loose Silky-bent
f2dc546ca.png,Charlock
3edf5e9ef.png,Common wheat
ce3d280eb.png,Common Chickweed
ef74dbcad.png,Scentless Mayweed
53e6e9000.png,Common wheat
f9b6bfb00.png,Cleavers
4ac29bbf0.png,Common Chickweed
19e58cc5e.png,Common Chickweed
aa7d098d1.png,Common Chickweed
f23faf9c1.png,Loose Silky-bent
e3f50adfc.png,Cleavers
c10ccbd82.png,Scentless Mayweed
e9d48d664.png,Small-flowered Cranesbill
aee6fa3df.png,Loose Silky-bent
8bc0261c9.png,Loose Silky-bent
e901b0f28.png,Fat Hen
c50335991.png,Sugar beet
17d5e5ac4.png,Loose Silky-bent
c6c8d4ba0.png,Loose Silky-bent
32c86784b.png,Common Chickweed
d2fd9df40.png,Loose Silky-bent
963544aa0.png,Loose Silky-bent
8303b27ed.png,Loose Silky-bent
4287d810c.png,Common Chickweed
b944a49ca.png,Common wheat
592cc5b89.png,Loose Silky-bent
0086a6340.png,Common Chickweed
1f290e016.png,Scentless Mayweed
165681fd9.png,Small-flowered Cranesbill
1c52ea820.png,Scentless Mayweed
dabea05f4.png,Loose Silky-bent
4a337a4a9.png,Scentless Mayweed
53ceb4657.png,Common Chickweed
a254d71f6.png,Loose Silky-bent
ce15eee52.png,Sugar beet
cf3a8b2fd.png,Loose Silky-bent
5b3beec58.png,Loose Silky-bent
fea3da57c.png,Sugar beet
b687160f5.png,Common Chickweed
42e7ed442.png,Shepherds Purse
65489944f.png,Scentless Mayweed
cd5f0db1c.png,Small-flowered Cranesbill
618de3d7a.png,Charlock
958bb9e96.png,Charlock
13b9fa92d.png,Sugar beet
e5881dd33.png,Fat Hen
5ca2687a4.png,Maize
5dcad9a53.png,Small-flowered Cranesbill
79e5ea8fa.png,Common wheat
a1da8be3c.png,Maize
24c94a6ca.png,Sugar beet
1cfd91582.png,Charlock
2bd74d2da.png,Fat Hen
99036c51d.png,Loose Silky-bent
0c27cf05f.png,Small-flowered Cranesbill
59358cd44.png,Small-flowered Cranesbill
d2f422ccb.png,Common Chickweed
756dd5070.png,Common Chickweed
71e73a8a0.png,Sugar beet
3dd52bd2a.png,Small-flowered Cranesbill
65e97117e.png,Loose Silky-bent
9a3f20121.png,Loose Silky-bent
c64370a72.png,Sugar beet
04814f36d.png,Scentless Mayweed
e5064f6be.png,Sugar beet
35cf9fa01.png,Scentless Mayweed
5a38ac566.png,Fat Hen
e7077322d.png,Scentless Mayweed
60f0bc617.png,Small-flowered Cranesbill
7d22abf91.png,Scentless Mayweed
3281183f9.png,Sugar beet
bebcaab66.png,Scentless Mayweed
33317fc2a.png,Scentless Mayweed
77ccb8b2a.png,Small-flowered Cranesbill
41f1c3cdb.png,Scentless Mayweed
177d7e2a4.png,Small-flowered Cranesbill
c5e419015.png,Scentless Mayweed
0625f063b.png,Common Chickweed
466bb6d3b.png,Maize
d7017f701.png,Fat Hen
36839d5e9.png,Scentless Mayweed
3fbd0fc6a.png,Common Chickweed
3b73c3b61.png,Common wheat
3526b05cc.png,Scentless Mayweed
7615e52d3.png,Charlock
4e1190d78.png,Loose Silky-bent
0d117d910.png,Common Chickweed
cfb18d262.png,Scentless Mayweed
974959ec1.png,Common wheat
3d67c434b.png,Scentless Mayweed
37c3108d6.png,Common Chickweed
8311740de.png,Scentless Mayweed
de0b79659.png,Scentless Mayweed
33748968f.png,Charlock
e98e5d1d5.png,Fat Hen
73260a4ee.png,Scentless Mayweed
c6b76307d.png,Cleavers
adb7a032c.png,Loose Silky-bent
5bdcfa329.png,Loose Silky-bent
187668bde.png,Scentless Mayweed
92292055d.png,Common Chickweed
8b27bfd2b.png,Sugar beet
cfd8165e9.png,Charlock
599691cd9.png,Small-flowered Cranesbill
8cfd98117.png,Scentless Mayweed
5883b423d.png,Scentless Mayweed
969a851be.png,Scentless Mayweed
fda0b5c38.png,Cleavers
07e62f903.png,Scentless Mayweed
56112b92c.png,Sugar beet
8a30b2de3.png,Sugar beet
fea1d13d6.png,Common Chickweed
a8388a37f.png,Fat Hen
39c8fde99.png,Loose Silky-bent
6ba4ef411.png,Cleavers
17529c555.png,Scentless Mayweed
1364b297a.png,Cleavers
80e299ae9.png,Small-flowered Cranesbill
6c874918c.png,Loose Silky-bent
071cb3ece.png,Sugar beet
976e4e079.png,Common Chickweed
fef2ade8c.png,Sugar beet
7f9e9565d.png,Scentless Mayweed
55fed435f.png,Charlock
e84464f5a.png,Charlock
8db450ce3.png,Common Chickweed
9b4800b42.png,Scentless Mayweed
995c7ab1e.png,Fat Hen
37714071b.png,Shepherds Purse
5af1d74ee.png,Sugar beet
a4b61a4ea.png,Scentless Mayweed
2a5064f19.png,Common wheat
b145ba9d4.png,Scentless Mayweed
e478c452c.png,Sugar beet
06d12f6fa.png,Charlock
d6c8c3c48.png,Small-flowered Cranesbill
a935ca110.png,Scentless Mayweed
851c90831.png,Loose Silky-bent
16357b436.png,Loose Silky-bent
0021e90e4.png,Sugar beet
19b51843a.png,Common Chickweed
4bcdaa5e2.png,Charlock
539961189.png,Common Chickweed
d8f4923f8.png,Common Chickweed
4049a6ea6.png,Loose Silky-bent
c74c5b7fc.png,Charlock
b1cd2a91e.png,Cleavers
9c777333d.png,Common Chickweed
cae684f8f.png,Charlock
36d62bf36.png,Common wheat
24a058589.png,Charlock
e9cd91682.png,Common Chickweed
bb1c84bbc.png,Fat Hen
05341a8a6.png,Scentless Mayweed
fd253a74e.png,Cleavers
32a8c8a1d.png,Loose Silky-bent
966ae5ad9.png,Loose Silky-bent
ba3ce6b3e.png,Scentless Mayweed
592473c83.png,Loose Silky-bent
98d819587.png,Charlock
1d321253f.png,Sugar beet
4f83143e1.png,Maize
0fb233ad6.png,Common Chickweed
ce42adffb.png,Loose Silky-bent
2d992d1fb.png,Loose Silky-bent
f9f35cbd4.png,Common Chickweed
78c5fba1d.png,Sugar beet
410e6f702.png,Small-flowered Cranesbill
74d810f87.png,Loose Silky-bent
7c85b0265.png,Loose Silky-bent
cbba27d89.png,Maize
a2b703e21.png,Maize
64fe8beb9.png,Sugar beet
953496deb.png,Sugar beet
b0acaff4a.png,Loose Silky-bent
9c8b08a24.png,Loose Silky-bent
a1e0a6c02.png,Cleavers
5bbc0a255.png,Small-flowered Cranesbill
efe19dc32.png,Charlock
2f246d688.png,Small-flowered Cranesbill
3eda9cbb6.png,Scentless Mayweed
593896f83.png,Common Chickweed
4c7838de4.png,Small-flowered Cranesbill
a8de7c1b7.png,Loose Silky-bent
0c5f6c493.png,Small-flowered Cranesbill
c7eb96871.png,Cleavers
03a2ee656.png,Small-flowered Cranesbill
52a87abe5.png,Scentless Mayweed
4ea7493d5.png,Sugar beet
a93f940d6.png,Scentless Mayweed
3f64c2c1b.png,Common wheat
aad8375e0.png,Charlock
24d36c52c.png,Small-flowered Cranesbill
558aa7deb.png,Loose Silky-bent
88ac6df54.png,Loose Silky-bent
4392d93cf.png,Scentless Mayweed
785a73ab8.png,Common Chickweed
aaf4da98f.png,Sugar beet
1623fb9e1.png,Sugar beet
754b1adf8.png,Small-flowered Cranesbill
fc6f686fb.png,Sugar beet
be341dbdc.png,Loose Silky-bent
1821eb11a.png,Scentless Mayweed
cd6adba97.png,Sugar beet
4e69d100a.png,Small-flowered Cranesbill
22fbf13d6.png,Loose Silky-bent
b29339405.png,Loose Silky-bent
9baf94467.png,Sugar beet
8e29abce1.png,Scentless Mayweed
98da6ef4e.png,Scentless Mayweed
f4021df6c.png,Scentless Mayweed
ef3e232ad.png,Common Chickweed
6df8e31ea.png,Cleavers
e1abb4ff9.png,Sugar beet
8e4eaeec0.png,Common Chickweed
d41d87796.png,Sugar beet
2b55a2da2.png,Sugar beet
d01873fdd.png,Loose Silky-bent
78b1bf91a.png,Sugar beet
0885e7690.png,Scentless Mayweed
1926e82fd.png,Loose Silky-bent
da713c465.png,Loose Silky-bent
e5297b675.png,Loose Silky-bent
48ef6a2ff.png,Cleavers
19618ad6a.png,Sugar beet
b130a0632.png,Charlock
19fdf19fb.png,Common wheat
1c680883c.png,Common wheat
dd9f36df7.png,Common Chickweed
bf3924a57.png,Small-flowered Cranesbill
1f5e5554e.png,Scentless Mayweed
1758a1baf.png,Common Chickweed
cadab6616.png,Small-flowered Cranesbill
0437393b1.png,Scentless Mayweed
590f5aea6.png,Charlock
61dd2cdc5.png,Cleavers
ace8761dd.png,Common Chickweed
df521c0c0.png,Loose Silky-bent
4c8005bbc.png,Loose Silky-bent
97b2f0a10.png,Small-flowered Cranesbill
dd5ec63d9.png,Sugar beet
a7bd7cadb.png,Fat Hen
47f9e5d91.png,Common Chickweed
c60e91e07.png,Loose Silky-bent
e88bf0db9.png,Small-flowered Cranesbill
71334c634.png,Maize
59c6a9f95.png,Sugar beet
82b5f4d33.png,Charlock
90b595f12.png,Common Chickweed
e1a0e3202.png,Loose Silky-bent
cf90fc52d.png,Maize
31fcdc161.png,Maize
6b721f68e.png,Loose Silky-bent
1191ba346.png,Charlock
5a6bf96f6.png,Common Chickweed
6d6eb3830.png,Charlock
d89db156f.png,Small-flowered Cranesbill
60fea2ef6.png,Sugar beet
67ce3eaa6.png,Sugar beet
c06e7c748.png,Sugar beet
34dd57ca9.png,Loose Silky-bent
74fd477eb.png,Small-flowered Cranesbill
b2706e2b3.png,Common wheat
9516e56c4.png,Loose Silky-bent
6edc76e7c.png,Scentless Mayweed
780bd2a2c.png,Sugar beet
4c5ab9b68.png,Charlock
fb022edf9.png,Scentless Mayweed
65e262a6d.png,Charlock
55251925f.png,Common Chickweed
7cabd68cc.png,Loose Silky-bent
589e643b8.png,Charlock
099b961ec.png,Common Chickweed
606647f64.png,Common Chickweed
2ea664465.png,Sugar beet
ef65533d5.png,Loose Silky-bent
00d090cde.png,Black-grass
bb1d1bfd3.png,Charlock
223e4af09.png,Sugar beet
38c054379.png,Small-flowered Cranesbill
a85fc8c9a.png,Sugar beet
fdea6b119.png,Loose Silky-bent
b7a7f6390.png,Fat Hen
1d0cbd819.png,Sugar beet
e721c6ac8.png,Common wheat
b215531dd.png,Charlock
8e3ed0a25.png,Small-flowered Cranesbill
8301b0547.png,Charlock
22e79540f.png,Charlock
258b1183c.png,Cleavers
86c309150.png,Cleavers
